{
    "factor":
        2.0,
    "max_norm":
        2.0,
    "sparsity": [
        1,
        3,
        5,
        7,
        9
    ],
    "attack_items":[
        1,
        2,
        3,
        4,
        5,
        6,
        7,
        8,
        9
    ],
    "target_items": [
        0
    ],
    "attack_idx": [
        -1
    ],
    "n_iterations": 100,
    "learning_rate": 0.01,
    "modes": [
        "under",
        "over"
    ],
    "sigma":
        0.1
}