{"__kind__": "instance", "args": [], "class": "gluonts.transform._base.Chain", "kwargs": {"trans": [{"__kind__": "instance", "args": [], "class": "gluonts.transform._base.Chain", "kwargs": {"trans": [{"__kind__": "instance", "args": [], "class": "gluonts.transform.field.RemoveFields", "kwargs": {"field_names": ["feat_dynamic_cat", "feat_dynamic_real", "feat_static_real"]}}, {"__kind__": "instance", "args": [], "class": "gluonts.transform.field.SetField", "kwargs": {"output_field": "feat_static_cat", "value": [0]}}, {"__kind__": "instance", "args": [], "class": "gluonts.transform.field.SetField", "kwargs": {"output_field": "feat_static_real", "value": [0.0]}}, {"__kind__": "instance", "args": [], "class": "gluonts.transform.convert.AsNumpyArray", "kwargs": {"dtype": {"__kind__": "type", "class": "numpy.float32"}, "expected_ndim": 2, "field": "target"}}, {"__kind__": "instance", "args": [], "class": "gluonts.transform.convert.ExpandDimArray", "kwargs": {"axis": null, "field": "target"}}, {"__kind__": "instance", "args": [], "class": "gluonts.transform.feature.AddObservedValuesIndicator", "kwargs": {"dtype": {"__kind__": "type", "class": "numpy.float32"}, "imputation_method": {"__kind__": "instance", "args": [], "class": "gluonts.transform.feature.DummyValueImputation", "kwargs": {"dummy_value": 0.0}}, "output_field": "observed_values", "target_field": "target"}}, {"__kind__": "instance", "args": [], "class": "gluonts.transform.feature.AddTimeFeatures", "kwargs": {"dtype": {"__kind__": "type", "class": "numpy.float32"}, "output_field": "time_feat", "pred_length": 24, "start_field": "start", "target_field": "target", "time_features": [{"__kind__": "instance", "args": [], "class": "pts.feature.fourier_date_feature.FourierDateFeatures", "kwargs": {"freq": "hour"}}, {"__kind__": "instance", "args": [], "class": "pts.feature.fourier_date_feature.FourierDateFeatures", "kwargs": {"freq": "dayofweek"}}]}}, {"__kind__": "instance", "args": [], "class": "gluonts.transform.feature.AddAgeFeature", "kwargs": {"dtype": {"__kind__": "type", "class": "numpy.float32"}, "log_scale": true, "output_field": "feat_dynamic_age", "pred_length": 24, "target_field": "target"}}, {"__kind__": "instance", "args": [], "class": "gluonts.transform.convert.VstackFeatures", "kwargs": {"drop_inputs": true, "h_stack": false, "input_fields": ["time_feat", "feat_dynamic_age"], "output_field": "time_feat"}}, {"__kind__": "instance", "args": [], "class": "gluonts.transform.convert.TargetDimIndicator", "kwargs": {"field_name": "target_dimension_indicator", "target_field": "target"}}, {"__kind__": "instance", "args": [], "class": "gluonts.transform.convert.AsNumpyArray", "kwargs": {"dtype": {"__kind__": "type", "class": "numpy.int64"}, "expected_ndim": 1, "field": "feat_static_cat"}}, {"__kind__": "instance", "args": [], "class": "gluonts.transform.convert.AsNumpyArray", "kwargs": {"dtype": {"__kind__": "type", "class": "numpy.float32"}, "expected_ndim": 1, "field": "feat_static_real"}}]}}, {"__kind__": "instance", "args": [], "class": "gluonts.transform._base.Chain", "kwargs": {"trans": [{"__kind__": "instance", "args": [], "class": "gluonts.transform.split.InstanceSplitter", "kwargs": {"dummy_value": 0.0, "forecast_start_field": "forecast_start", "future_length": 24, "instance_sampler": {"__kind__": "instance", "class": "gluonts.transform.sampler.PredictionSplitSampler", "kwargs": {"allow_empty_interval": false, "axis": -1, "min_future": 0, "min_past": 0}}, "is_pad_field": "is_pad", "lead_time": 0, "output_NTC": true, "past_length": 264, "start_field": "start", "target_field": "target", "time_series_fields": ["time_feat", "observed_values"]}}, {"__kind__": "instance", "args": [], "class": "gluonts.transform.field.RenameFields", "kwargs": {"mapping": {"future_target": "future_target_cdf", "past_target": "past_target_cdf"}}}]}}]}}
