{"__kind__": "instance", "args": [], "class": "pts.model.deepvar.deepvar_network.DeepVARPredictionNetwork", "kwargs": {"cardinality": [1], "cell_type": "LSTM", "context_length": 96, "distr_output": {"__kind__": "instance", "args": [], "class": "pts.modules.distribution_output.LowRankMultivariateNormalOutput", "kwargs": {"dim": 10, "rank": 5, "sigma_init": 1.0, "sigma_minimum": 0.001}}, "dropout_rate": 0.1, "embedding_dimension": [1], "history_length": 264, "input_size": 47, "lags_seq": [1, 24, 168], "num_cells": 40, "num_layers": 2, "prediction_length": 24, "scaling": true, "target_dim": 10}}
